今天 18:50,来 面个基 2上海,https://weibo.com/5869525717/GaoYMe4ZW?from=page_1005055869525717_profile&wvr=6&mod=weibotime,55,602,7692
4月1日 08:46,这一年…攒了些话想对你们说…（结尾还有超级福利，爱你们 L办公室小野的秒拍视频,https://weibo.com/5869525717/Ga2aPaVuK?from=page_1005055869525717_profile&wvr=6&mod=weibotime,7717,11045,18617
3月30日 18:10,"愚人节整蛊特辑！不要说我丧心病狂，是我的同事全都学坏了...
#愚你告白# #办公室小野# L办公室小野的秒拍视频",https://weibo.com/5869525717/G9N0t7rjf?from=page_1005055869525717_profile&wvr=6&mod=weibotime,22316,5397,39218
3月28日 09:20,第一个到公司 哈哈哈哈哈,https://weibo.com/5869525717/G9qGzD7ER?from=page_1005055869525717_profile&wvr=6&mod=weibotime,42,993,13042
3月23日 18:10,"办公室里，炊烟袅袅升起，点燃了上班族的希望之火。欢迎收看本期《舌尖上的办公室》，讲述都市白领小野和美食背后的温情故事。
#办公室小野# #厨房的诱惑# @鲜城 L办公室小野的秒拍视频",https://weibo.com/5869525717/G8J0XDqZo?from=page_1005055869525717_profile&wvr=6&mod=weibotime,69058,19638,127304
3月22日 19:03,答应你们的~明天见,https://weibo.com/5869525717/G8zWm0Lbm?from=page_1005055869525717_profile&wvr=6&mod=weibotime,98,568,13183
3月17日 12:07,春天到了 小野发芽了🌱,https://weibo.com/5869525717/G7M51osgJ?from=page_1005055869525717_profile&wvr=6&mod=weibotime,170,1210,27752
3月16日 19:07,"有些东西，天生就会发光发热，比如我和我的小太阳寿喜锅。
#办公室小野# #厨房的诱惑# #大V私房菜# @鲜城 L办公室小野的秒拍视频",https://weibo.com/5869525717/G7FoEmUUU?from=page_1005055869525717_profile&wvr=6&mod=weibotime,48177,13462,103443
3月12日 16:27,今天植树节，希望你们都“栽”在我手里୧(๑•̀⌄•́๑)૭,https://weibo.com/5869525717/G72DSFVLS?from=page_1005055869525717_profile&wvr=6&mod=weibotime,41,231,9800
3月10日 17:40,刚刷完《舌尖3》，看完有个想法：我是不是也阔以在公司拍一部《舌尖上的办公室》啊🤔🤔 有想看的不？点赞过2万我就拍,https://weibo.com/5869525717/G6KguxjUs?from=page_1005055869525717_profile&wvr=6&mod=weibotime,652,3090,180161
3月9日 18:09,"电热壶早茶，支撑我上班不迟到的唯一动力...
#办公室小野# #厨房的诱惑# #大V私房菜# @鲜城  L办公室小野的秒拍视频",https://weibo.com/5869525717/G6B1XorMy?from=page_1005055869525717_profile&wvr=6&mod=weibotime,43421,29584,54750
3月4日 23:16,破例给你们一个夸我的机会,https://weibo.com/5869525717/G5RTPpgNC?from=page_1005055869525717_profile&wvr=6&mod=weibotime,130,2895,25724
3月3日 18:10,"哼...这就是偷吃我蛋糕的下场
#办公室小野# #厨房的诱惑# @鲜城 L办公室小野的秒拍视频",https://weibo.com/5869525717/G5Gt3l2EY?from=page_1005055869525717_profile&wvr=6&mod=weibotime,39278,13314,57642
3月2日 13:45,苏豪生日快乐！祝你狂吃不胖！越来越油菜花( •̀ω•́ )✧ O微博故事,https://weibo.com/5869525717/G5vjkwFyq?from=page_1005055869525717_profile&wvr=6&mod=weibotime,44,485,16476
2月23日 18:09,【番外】身边的同事是富二代是一种怎样的体验？ 看完这个视频，或许你会明白。#办公室小野# L办公室小野的秒拍视频,https://weibo.com/5869525717/G4t2SE9Ez?from=page_1005055869525717_profile&wvr=6&mod=weibotime,39627,15265,80472
2月22日 18:06,"开工了！！今天收假回来第一天上班，老板就给我们发了开工红包分一大半给你们~

今天 晚上9点，我准时在公粽号：办公室小野 给你们发zfb口令，收到后，在zfb输入口令就能领到红包啦！祝开工大吉，开年利是~",https://weibo.com/5869525717/G4jB0dfXX?from=page_1005055869525717_profile&wvr=6&mod=weibotime,80,1204,13979
2月20日 18:04,这几天在日本给大家买了些好玩的礼物～北海道零食，动漫小手办，招财猫钱包，明信片，面膜，手账本，我的大头贴（图6），还有几本花花绿绿的杂志要的举手，评论里抽10枚粉丝送 2日本,https://weibo.com/5869525717/G40Jf9SqV?from=page_1005055869525717_profile&wvr=6&mod=weibotime,2034,27699,25065
2月15日 21:27,新年快乐啊！一大口亲亲！,https://weibo.com/5869525717/G3gVobnAW?from=page_1005055869525717_profile&wvr=6&mod=weibotime,67,1241,37201
2月14日 11:44,许了个愿，不知道今年能不能实现都进来给我点赞吧大兄弟们→_→ O我的中国赞,https://weibo.com/5869525717/G33FXdRHy?from=page_1005055869525717_profile&wvr=6&mod=weibotime,97,1403,19591
2月13日 15:09,"小野家情人节限定巧克力——给我点巧克力，我就能给你整个奢侈品专柜 愿你们天天都过情人节~
#办公室小野# #用美食说我爱你# @鲜城 L办公室小野的秒拍视频",https://weibo.com/5869525717/G2VASlH1o?from=page_1005055869525717_profile&wvr=6&mod=weibotime,58100,17701,106604
2月13日 10:58,O微博故事,https://weibo.com/5869525717/G2TWLbeSr?from=page_1005055869525717_profile&wvr=6&mod=weibotime,26,463,7874
2月9日 18:09,"办公室九大碗，只有它，才撑得住团年宴的场面
#办公室小野# #暴走年夜饭# @鲜城 L办公室小野的秒拍视频",https://weibo.com/5869525717/G2l43nNEG?from=page_1005055869525717_profile&wvr=6&mod=weibotime,102947,42315,288920
2月2日 18:09,"烫发机土耳其烤肉，你...愿意跟我做个发型吗？
#办公室小野#  #用美食温暖你# @鲜城 L办公室小野的秒拍视频",https://weibo.com/5869525717/G1h4xDUS3?from=page_1005055869525717_profile&wvr=6&mod=weibotime,48884,19588,184375
1月28日 00:30,我的儿砸要是来我办公室旅游会怎么样？,https://weibo.com/5869525717/G0p002g1q?from=page_1005055869525717_profile&wvr=6&mod=weibotime,79,2473,24503
1月26日 19:10,小野花样果冻，Q弹爽滑，哧溜哧溜，要吃的举手 L办公室小野的秒拍视频,https://weibo.com/5869525717/G0dtwsPQC?from=page_1005055869525717_profile&wvr=6&mod=weibotime,36072,11206,87575
1月25日 22:59,"今晚真的超开心，感谢金秒奖。
2017，圆满的一年。2018，继续一起野！
顺便说一句，今天颁奖的小姐姐腿好长@乔欣Bridgette 2北京·北京鸟巢水立方",https://weibo.com/5869525717/G05xZbVoL?from=page_1005055869525717_profile&wvr=6&mod=weibotime,140,770,17940
1月24日 11:27,看清视频里我对你们的祝福了吗？？没看清没关系，有看到#办公室小野的红包# 就够了~ @让红包飞 L办公室小野的秒拍视频,https://weibo.com/5869525717/FFP3guLs0?from=page_1005055869525717_profile&wvr=6&mod=weibotime,651,1535,24223
1月22日 14:51,长了麦粒肿 痛得辣眼睛,https://weibo.com/5869525717/FFxwY9sfB?from=page_1005055869525717_profile&wvr=6&mod=weibotime,49,2097,19257
1月21日 13:47,父爱如山体滑坡,https://weibo.com/5869525717/FFnGB7xxJ?from=page_1005055869525717_profile&wvr=6&mod=weibotime,189,2267,24498
1月19日 19:10,空调纸上烤肉趴，轰走一个哆哆嗦嗦的冬天 L办公室小野的秒拍视频,https://weibo.com/5869525717/FF6Wns9dH?from=page_1005055869525717_profile&wvr=6&mod=weibotime,52462,15241,108602
1月18日 21:55,想我不？明天见,https://weibo.com/5869525717/FEYAXhqgQ?from=page_1005055869525717_profile&wvr=6&mod=weibotime,46,959,23834
1月14日 22:05,膝盖好疼 谁有跪的容易 O微博故事,https://weibo.com/5869525717/FEmWUya2k?from=page_1005055869525717_profile&wvr=6&mod=weibotime,44,744,14732
1月12日 19:17,热得快煮汤圆——小野哥的汤圆是圆又圆，要吃汤圆快来买，吃了汤圆好团圆L办公室小野的秒拍视频,https://weibo.com/5869525717/FE2ZMdXwR?from=page_1005055869525717_profile&wvr=6&mod=weibotime,40678,18766,118245
1月5日 18:10,"攒了几个月的花絮，不点赞对得起你的良心吗
#办公室小野# #理想生活季# @鲜城 L办公室小野的秒拍视频",https://weibo.com/5869525717/FCYz4rHvm?from=page_1005055869525717_profile&wvr=6&mod=weibotime,1207,2203,105520
1月5日 15:53,本来下班想约财务小姐姐去看《前任3》，她居然拒绝我，那我…… O微博故事,https://weibo.com/5869525717/FCXFH68RN?from=page_1005055869525717_profile&wvr=6&mod=weibotime,82,824,15421
2017-12-31 22:06,人的一生中总会有一些关键时刻，蝴蝶扇一下翅膀，命运就被扇出了原有轨道，一发不可收拾。对我来讲，2017很特殊。拍视频，认识每一位野粉，就是我生命中的蝴蝶效应。人世漫长得转瞬即逝，有人见尘埃，有人见星辰。2018，希望我们都是那个终其一生在追逐星辰的人,https://weibo.com/5869525717/FCeYHFfzU?from=page_1005055869525717_profile&wvr=6&mod=weibotime,236,2069,38323
2017-12-30 21:59,看到大家都在晒十八岁照片，羡慕你们十八岁时的单纯青涩。而彼时的我，却承受着与年龄不相称的美貌和才华,https://weibo.com/5869525717/FC5vgejnV?from=page_1005055869525717_profile&wvr=6&mod=weibotime,215,1977,41536
2017-12-29 19:10,"年末了，自制电磁炉小火锅，犒劳我亲爱的同事们
#办公室小野# #理想生活季# @鲜城 L办公室小野的秒拍视频",https://weibo.com/5869525717/FBUXYdv2t?from=page_1005055869525717_profile&wvr=6&mod=weibotime,49392,26713,173539
2017-12-22 20:46,小野圣诞宴——真希望你是我的Christmas，这样我就可以Merry you了 L办公室小野的秒拍视频,https://weibo.com/5869525717/FARBAvn7s?from=page_1005055869525717_profile&wvr=6&mod=weibotime,61788,49242,106147
2017-12-15 18:22,"小野家章鱼小丸子，出摊！
#办公室小野# #理想生活季# @鲜城   L办公室小野的秒拍视频",https://weibo.com/5869525717/FzMFArYUi?from=page_1005055869525717_profile&wvr=6&mod=weibotime,29302,16113,76606
2017-12-9 20:55,感恩，我会继续努力哒。点赞给我更多力量吧（图4附一个段子手老爸）#V影响力峰会##美食大V秀#,https://weibo.com/5869525717/FyT6XjKiC?from=page_1005055869525717_profile&wvr=6&mod=weibotime,169,1246,28269
2017-12-7 20:47,你们来评评，我和@林弯弯snaki，谁更帅?#哈里路野# L办公室小野的秒拍视频,https://weibo.com/5869525717/FyAcBj7vK?from=page_1005055869525717_profile&wvr=6&mod=weibotime,8318,1564,23791
2017-12-1 23:11,小野翻糖蛋糕，致我们单纯的小美好。L办公室小野的秒拍视频,https://weibo.com/5869525717/FxGzZp5jq?from=page_1005055869525717_profile&wvr=6&mod=weibotime,6547,6897,54167
2017-12-1 10:35,"#办公室小野# 2017的最后一个月，不知道你们还有什么未了的心愿？完成了哪些“小”目标呢？我们来做一个年终总结吧！
发帖格式：#办公室小野# +已经完成的小目标+今年未了的心愿+想对2017说的一段话",https://weibo.com/5869525717/FxBD5sE0p?from=page_1005055869525717_profile&wvr=6&mod=weibotime,14,210,305
2017-11-30 20:19,感谢野粉一路陪伴！10万礼品送138个粉丝！12.20平台开～金主→→@省钱白菜君 L办公室小野的秒拍视频,https://weibo.com/5869525717/Fxw1QgnY0?from=page_1005055869525717_profile&wvr=6&mod=weibotime,283385,172977,176757
2017-11-21 16:34,偷偷给大家发一张女生走光图！画面很美~,https://weibo.com/5869525717/Fw7HN2eGW?from=page_1005055869525717_profile&wvr=6&mod=weibotime,14,190,322
2017-11-19 23:26,来，做个题,https://weibo.com/5869525717/FvRy6hdZx?from=page_1005055869525717_profile&wvr=6&mod=weibotime,335,2323,27928
2017-11-17 18:13,"我在阿里巴巴吃着火锅，而此时此刻你在哪里？
#办公室小野# L办公室小野的秒拍视频",https://weibo.com/5869525717/FvwE8BUnS?from=page_1005055869525717_profile&wvr=6&mod=weibotime,8701,5628,43052
2017-11-12 21:20,有些人表面风光 背地里连我的手机号码都没有 2北京,https://weibo.com/5869525717/FuMJCfVEx?from=page_1005055869525717_profile&wvr=6&mod=weibotime,87,1115,27522
2017-11-10 18:36,小野の日常—— 到新加坡浪了一圈儿，当了回正经大厨～L办公室小野的秒拍视频,https://weibo.com/5869525717/FusO3o94q?from=page_1005055869525717_profile&wvr=6&mod=weibotime,487,1503,23287
2017-11-3 18:17,"小野牌糖葫芦，你要不要来一串？
#办公室小野# L办公室小野的秒拍视频",https://weibo.com/5869525717/FtoGNeAoL?from=page_1005055869525717_profile&wvr=6&mod=weibotime,32770,13686,84695
2017-11-1 18:38,小野豆腐宴，终结豆腐脑咸甜之争。 L办公室小野的秒拍视频,https://weibo.com/5869525717/Ft5YbiRfL?from=page_1005055869525717_profile&wvr=6&mod=weibotime,40266,11985,42438
